Plant Id,Internal Work Order Id,Color,Size,Flavor,Packaging Type,Qty
"Detroit, MI",,Coloring Agent12,S1,F1,Box,1225.0
"Detroit, MI",,Coloring Agent12,S2,F1,Box,5865.0
"Detroit, MI",,Coloring Agent12,S3,F1,Box,2405.0
"Detroit, MI",,Coloring Agent12,S4,F1,Box,1937.5
"Detroit, MI",,Coloring Agent12,S5,F1,Box,2150.0
"Detroit, MI",,Coloring Agent12,S2,F1,Bag,6710.0
"Detroit, MI",,Coloring Agent12,S3,F1,Bag,4187.0
"Detroit, MI",,Coloring Agent12,S4,F1,Bag,8857.0
"Detroit, MI",,Coloring Agent12,S5,F1,Bag,10389.0
"Detroit, MI",,Coloring Agent12,S1,F10,Box,3382.5
"Detroit, MI",,Coloring Agent12,S2,F10,Box,2340.0
"Detroit, MI",,Coloring Agent12,S4,F10,Box,3432.5
"Detroit, MI",,Coloring Agent12,S5,F10,Box,1915.0
"Detroit, MI",,Coloring Agent12,S2,F10,Bag,2514.0
"Detroit, MI",,Coloring Agent12,S3,F10,Bag,3550.0
"Detroit, MI",,Coloring Agent12,S4,F10,Bag,7300.0
"Detroit, MI",,Coloring Agent12,S5,F10,Bag,4586.0
"Detroit, MI",,Coloring Agent12,S1,F11,Box,5207.5
"Detroit, MI",,Coloring Agent12,S2,F11,Box,2435.0
"Detroit, MI",,Coloring Agent12,S5,F11,Box,1420.0
"Detroit, MI",,Coloring Agent12,S1,F11,Bag,3942.0
"Detroit, MI",,Coloring Agent12,S2,F11,Bag,5450.0
"Detroit, MI",,Coloring Agent12,S3,F11,Bag,2378.0
"Detroit, MI",,Coloring Agent12,S4,F11,Bag,8061.0
"Detroit, MI",,Coloring Agent12,S5,F11,Bag,2200.0
"Detroit, MI",,Coloring Agent12,S1,F12,Box,2505.0
"Detroit, MI",,Coloring Agent12,S1,F12,Bag,5050.0
"Detroit, MI",,Coloring Agent12,S2,F12,Bag,2637.0
"Detroit, MI",,Coloring Agent12,S3,F12,Bag,6906.0
"Detroit, MI",,Coloring Agent12,S4,F12,Bag,4277.0
"Detroit, MI",,Coloring Agent12,S5,F12,Bag,2130.0
"Detroit, MI",,Coloring Agent12,S1,F2,Box,3130.0
"Detroit, MI",,Coloring Agent12,S3,F2,Box,820.0
"Detroit, MI",,Coloring Agent12,S5,F2,Box,1997.5
"Detroit, MI",,Coloring Agent12,S1,F2,Bag,3539.0
"Detroit, MI",,Coloring Agent12,S2,F2,Bag,7716.0
"Detroit, MI",,Coloring Agent12,S3,F2,Bag,5289.0
"Detroit, MI",,Coloring Agent12,S4,F2,Bag,3427.0
"Detroit, MI",,Coloring Agent12,S5,F2,Bag,1678.0
"Detroit, MI",,Coloring Agent12,S1,F3,Box,1320.0
"Detroit, MI",,Coloring Agent12,S2,F3,Box,882.5
"Detroit, MI",,Coloring Agent12,S3,F3,Box,890.0
"Detroit, MI",,Coloring Agent12,S4,F3,Box,1547.5
"Detroit, MI",,Coloring Agent12,S5,F3,Box,3452.5
"Detroit, MI",,Coloring Agent12,S1,F3,Bag,4799.0
"Detroit, MI",,Coloring Agent12,S2,F3,Bag,3438.0
"Detroit, MI",,Coloring Agent12,S3,F3,Bag,1881.0
"Detroit, MI",,Coloring Agent12,S4,F3,Bag,5781.0
"Detroit, MI",,Coloring Agent12,S5,F3,Bag,3455.0
"Detroit, MI",,Coloring Agent12,S1,F4,Box,1225.0
"Detroit, MI",,Coloring Agent12,S2,F4,Box,5307.5
"Detroit, MI",,Coloring Agent12,S3,F4,Box,1235.0
"Detroit, MI",,Coloring Agent12,S4,F4,Box,1825.0
"Detroit, MI",,Coloring Agent12,S5,F4,Box,4432.5
"Detroit, MI",,Coloring Agent12,S2,F4,Bag,8866.0
"Detroit, MI",,Coloring Agent12,S3,F4,Bag,3561.0
"Detroit, MI",,Coloring Agent12,S4,F4,Bag,3451.0
"Detroit, MI",,Coloring Agent12,S1,F5,Box,6947.5
"Detroit, MI",,Coloring Agent12,S3,F5,Box,7550.0
"Detroit, MI",,Coloring Agent12,S4,F5,Box,4882.5
"Detroit, MI",,Coloring Agent12,S1,F5,Bag,10485.0
"Detroit, MI",,Coloring Agent12,S2,F5,Bag,3810.0
"Detroit, MI",,Coloring Agent12,S3,F5,Bag,5698.0
"Detroit, MI",,Coloring Agent12,S4,F5,Bag,9105.0
"Detroit, MI",,Coloring Agent12,S5,F5,Bag,3408.0
"Detroit, MI",,Coloring Agent12,S1,F6,Box,1385.0
"Detroit, MI",,Coloring Agent12,S2,F6,Box,3457.5
"Detroit, MI",,Coloring Agent12,S3,F6,Box,1372.5
"Detroit, MI",,Coloring Agent12,S4,F6,Box,2820.0
"Detroit, MI",,Coloring Agent12,S5,F6,Box,3457.5
"Detroit, MI",,Coloring Agent12,S1,F6,Bag,8368.0
"Detroit, MI",,Coloring Agent12,S2,F6,Bag,5182.0
"Detroit, MI",,Coloring Agent12,S3,F6,Bag,5079.0
"Detroit, MI",,Coloring Agent12,S4,F6,Bag,3472.0
"Detroit, MI",,Coloring Agent12,S5,F6,Bag,3905.0
"Detroit, MI",,Coloring Agent12,S1,F7,Box,4457.5
"Detroit, MI",,Coloring Agent12,S2,F7,Box,1485.0
"Detroit, MI",,Coloring Agent12,S3,F7,Box,2405.0
"Detroit, MI",,Coloring Agent12,S4,F7,Box,727.5
"Detroit, MI",,Coloring Agent12,S5,F7,Box,3677.5
"Detroit, MI",,Coloring Agent12,S1,F7,Bag,3246.0
"Detroit, MI",,Coloring Agent12,S2,F7,Bag,3234.0
"Detroit, MI",,Coloring Agent12,S3,F7,Bag,2773.0
"Detroit, MI",,Coloring Agent12,S4,F7,Bag,5454.0
"Detroit, MI",,Coloring Agent12,S5,F7,Bag,4636.0
"Detroit, MI",,Coloring Agent12,S2,F8,Box,1510.0
"Detroit, MI",,Coloring Agent12,S3,F8,Box,1450.0
"Detroit, MI",,Coloring Agent12,S5,F8,Box,3997.5
"Detroit, MI",,Coloring Agent12,S1,F8,Bag,10970.0
"Detroit, MI",,Coloring Agent12,S2,F8,Bag,5080.0
"Detroit, MI",,Coloring Agent12,S3,F8,Bag,4090.0
"Detroit, MI",,Coloring Agent12,S4,F8,Bag,4881.0
"Detroit, MI",,Coloring Agent12,S5,F8,Bag,8399.0
"Detroit, MI",,Coloring Agent12,S1,F9,Box,2732.5
"Detroit, MI",,Coloring Agent12,S2,F9,Box,2347.5
"Detroit, MI",,Coloring Agent12,S3,F9,Box,1332.5
"Detroit, MI",,Coloring Agent12,S5,F9,Box,5537.5
"Detroit, MI",,Coloring Agent12,S1,F9,Bag,2962.0
"Detroit, MI",,Coloring Agent12,S2,F9,Bag,2529.0
"Detroit, MI",,Coloring Agent12,S3,F9,Bag,6993.0
"Detroit, MI",,Coloring Agent12,S4,F9,Bag,5945.0
"Detroit, MI",,Coloring Agent12,S5,F9,Bag,10218.0
"Detroit, MI",,Coloring Agent16,S1,F1,Box,2742.5
"Detroit, MI",,Coloring Agent16,S3,F1,Box,4960.0
"Detroit, MI",,Coloring Agent16,S4,F1,Box,2355.0
"Detroit, MI",,Coloring Agent16,S5,F1,Box,1497.5
"Detroit, MI",,Coloring Agent16,S1,F1,Bag,4380.0
"Detroit, MI",,Coloring Agent16,S2,F1,Bag,2741.0
"Detroit, MI",,Coloring Agent16,S3,F1,Bag,1723.0
"Detroit, MI",,Coloring Agent16,S4,F1,Bag,5468.0
"Detroit, MI",,Coloring Agent16,S5,F1,Bag,12616.0
"Detroit, MI",,Coloring Agent16,S1,F10,Box,3070.0
"Detroit, MI",,Coloring Agent16,S2,F10,Box,935.0
"Detroit, MI",,Coloring Agent16,S3,F10,Box,1670.0
"Detroit, MI",,Coloring Agent16,S5,F10,Box,2477.5
"Detroit, MI",,Coloring Agent16,S1,F10,Bag,1952.0
"Detroit, MI",,Coloring Agent16,S2,F10,Bag,5598.0
"Detroit, MI",,Coloring Agent16,S3,F10,Bag,1666.0
"Detroit, MI",,Coloring Agent16,S4,F10,Bag,8172.0
"Detroit, MI",,Coloring Agent16,S5,F10,Bag,6442.0
"Detroit, MI",,Coloring Agent16,S2,F11,Box,840.0
"Detroit, MI",,Coloring Agent16,S3,F11,Box,7940.0
"Detroit, MI",,Coloring Agent16,S4,F11,Box,2862.5
"Detroit, MI",,Coloring Agent16,S5,F11,Box,1865.0
"Detroit, MI",,Coloring Agent16,S1,F11,Bag,14511.0
"Detroit, MI",,Coloring Agent16,S2,F11,Bag,3520.0
"Detroit, MI",,Coloring Agent16,S3,F11,Bag,1298.0
"Detroit, MI",,Coloring Agent16,S5,F11,Bag,5435.0
"Detroit, MI",,Coloring Agent16,S3,F12,Box,5132.5
"Detroit, MI",,Coloring Agent16,S1,F12,Bag,5221.0
"Detroit, MI",,Coloring Agent16,S2,F12,Bag,9774.0
"Detroit, MI",,Coloring Agent16,S3,F12,Bag,6255.0
"Detroit, MI",,Coloring Agent16,S4,F12,Bag,4976.0
"Detroit, MI",,Coloring Agent16,S5,F12,Bag,8831.0
"Detroit, MI",,Coloring Agent16,S1,F2,Box,6362.5
"Detroit, MI",,Coloring Agent16,S2,F2,Box,4930.0
"Detroit, MI",,Coloring Agent16,S3,F2,Box,4002.5
"Detroit, MI",,Coloring Agent16,S4,F2,Box,4905.0
"Detroit, MI",,Coloring Agent16,S1,F2,Bag,5826.0
"Detroit, MI",,Coloring Agent16,S2,F2,Bag,3339.0
"Detroit, MI",,Coloring Agent16,S3,F2,Bag,8293.0
"Detroit, MI",,Coloring Agent16,S4,F2,Bag,4503.0
"Detroit, MI",,Coloring Agent16,S5,F2,Bag,7583.0
"Detroit, MI",,Coloring Agent16,S1,F3,Box,3592.5
"Detroit, MI",,Coloring Agent16,S3,F3,Box,2255.0
"Detroit, MI",,Coloring Agent16,S5,F3,Box,1930.0
"Detroit, MI",,Coloring Agent16,S1,F3,Bag,6596.0
"Detroit, MI",,Coloring Agent16,S2,F3,Bag,2696.0
"Detroit, MI",,Coloring Agent16,S3,F3,Bag,6538.0
"Detroit, MI",,Coloring Agent16,S4,F3,Bag,1141.0
"Detroit, MI",,Coloring Agent16,S5,F3,Bag,6585.0
"Detroit, MI",,Coloring Agent16,S1,F4,Box,4507.5
"Detroit, MI",,Coloring Agent16,S3,F4,Box,1382.5
"Detroit, MI",,Coloring Agent16,S5,F4,Box,2610.0
"Detroit, MI",,Coloring Agent16,S1,F4,Bag,6851.0
"Detroit, MI",,Coloring Agent16,S2,F4,Bag,6708.0
"Detroit, MI",,Coloring Agent16,S3,F4,Bag,10867.0
"Detroit, MI",,Coloring Agent16,S4,F4,Bag,4387.0
"Detroit, MI",,Coloring Agent16,S5,F4,Bag,8143.0
"Detroit, MI",,Coloring Agent16,S1,F5,Box,5657.5
"Detroit, MI",,Coloring Agent16,S2,F5,Box,1437.5
"Detroit, MI",,Coloring Agent16,S3,F5,Box,1420.0
"Detroit, MI",,Coloring Agent16,S4,F5,Box,1110.0
"Detroit, MI",,Coloring Agent16,S1,F5,Bag,3398.0
"Detroit, MI",,Coloring Agent16,S2,F5,Bag,2602.0
"Detroit, MI",,Coloring Agent16,S3,F5,Bag,4205.0
"Detroit, MI",,Coloring Agent16,S4,F5,Bag,1571.0
"Detroit, MI",,Coloring Agent16,S5,F5,Bag,3605.0
"Detroit, MI",,Coloring Agent16,S1,F6,Box,2415.0
"Detroit, MI",,Coloring Agent16,S4,F6,Box,7077.5
"Detroit, MI",,Coloring Agent16,S5,F6,Box,3232.5
"Detroit, MI",,Coloring Agent16,S1,F6,Bag,6020.0
"Detroit, MI",,Coloring Agent16,S2,F6,Bag,12705.0
"Detroit, MI",,Coloring Agent16,S3,F6,Bag,4177.0
"Detroit, MI",,Coloring Agent16,S4,F6,Bag,4227.0
"Detroit, MI",,Coloring Agent16,S5,F6,Bag,3056.0
"Detroit, MI",,Coloring Agent16,S1,F7,Box,4602.5
"Detroit, MI",,Coloring Agent16,S3,F7,Box,5277.5
"Detroit, MI",,Coloring Agent16,S4,F7,Box,1922.5
"Detroit, MI",,Coloring Agent16,S1,F7,Bag,4421.0
"Detroit, MI",,Coloring Agent16,S2,F7,Bag,6766.0
"Detroit, MI",,Coloring Agent16,S3,F7,Bag,2594.0
"Detroit, MI",,Coloring Agent16,S4,F7,Bag,8239.0
"Detroit, MI",,Coloring Agent16,S5,F7,Bag,2247.0
"Detroit, MI",,Coloring Agent16,S1,F8,Box,3945.0
"Detroit, MI",,Coloring Agent16,S2,F8,Box,3137.5
"Detroit, MI",,Coloring Agent16,S1,F8,Bag,5644.0
"Detroit, MI",,Coloring Agent16,S2,F8,Bag,5992.0
"Detroit, MI",,Coloring Agent16,S3,F8,Bag,6516.0
"Detroit, MI",,Coloring Agent16,S4,F8,Bag,4715.0
"Detroit, MI",,Coloring Agent16,S5,F8,Bag,13508.0
"Detroit, MI",,Coloring Agent16,S4,F9,Box,2652.5
"Detroit, MI",,Coloring Agent16,S1,F9,Bag,3578.0
"Detroit, MI",,Coloring Agent16,S2,F9,Bag,5786.0
"Detroit, MI",,Coloring Agent16,S3,F9,Bag,2793.0
"Detroit, MI",,Coloring Agent16,S4,F9,Bag,4150.0
"Detroit, MI",,Coloring Agent16,S5,F9,Bag,3684.0
"Detroit, MI",,Coloring Agent18,S2,F1,Box,1357.5
"Detroit, MI",,Coloring Agent18,S3,F1,Box,1665.0
"Detroit, MI",,Coloring Agent18,S4,F1,Box,6862.5
"Detroit, MI",,Coloring Agent18,S1,F1,Bag,903.0
"Detroit, MI",,Coloring Agent18,S2,F1,Bag,9414.0
"Detroit, MI",,Coloring Agent18,S3,F1,Bag,5277.0
"Detroit, MI",,Coloring Agent18,S4,F1,Bag,4427.0
"Detroit, MI",,Coloring Agent18,S5,F1,Bag,3619.0
"Detroit, MI",,Coloring Agent18,S1,F10,Box,4385.0
"Detroit, MI",,Coloring Agent18,S2,F10,Box,2840.0
"Detroit, MI",,Coloring Agent18,S4,F10,Box,1310.0
"Detroit, MI",,Coloring Agent18,S5,F10,Box,4212.5
"Detroit, MI",,Coloring Agent18,S1,F10,Bag,3212.0
"Detroit, MI",,Coloring Agent18,S2,F10,Bag,7746.0
"Detroit, MI",,Coloring Agent18,S3,F10,Bag,6107.0
"Detroit, MI",,Coloring Agent18,S4,F10,Bag,4732.0
"Detroit, MI",,Coloring Agent18,S5,F10,Bag,1224.0
"Detroit, MI",,Coloring Agent18,S1,F11,Box,1885.0
"Detroit, MI",,Coloring Agent18,S2,F11,Box,4767.5
"Detroit, MI",,Coloring Agent18,S3,F11,Box,1435.0
"Detroit, MI",,Coloring Agent18,S4,F11,Box,5050.0
"Detroit, MI",,Coloring Agent18,S5,F11,Box,5450.0
"Detroit, MI",,Coloring Agent18,S1,F11,Bag,1224.0
"Detroit, MI",,Coloring Agent18,S2,F11,Bag,7142.0
"Detroit, MI",,Coloring Agent18,S3,F11,Bag,4915.0
"Detroit, MI",,Coloring Agent18,S4,F11,Bag,5571.0
"Detroit, MI",,Coloring Agent18,S5,F11,Bag,6532.0
"Detroit, MI",,Coloring Agent18,S1,F12,Box,2967.5
"Detroit, MI",,Coloring Agent18,S3,F12,Box,2342.5
"Detroit, MI",,Coloring Agent18,S4,F12,Box,5977.5
"Detroit, MI",,Coloring Agent18,S1,F12,Bag,2650.0
"Detroit, MI",,Coloring Agent18,S2,F12,Bag,5435.0
"Detroit, MI",,Coloring Agent18,S3,F12,Bag,1546.0
"Detroit, MI",,Coloring Agent18,S4,F12,Bag,4405.0
"Detroit, MI",,Coloring Agent18,S5,F12,Bag,2831.0
"Detroit, MI",,Coloring Agent18,S1,F2,Box,2822.5
"Detroit, MI",,Coloring Agent18,S3,F2,Box,1565.0
"Detroit, MI",,Coloring Agent18,S4,F2,Box,5007.5
"Detroit, MI",,Coloring Agent18,S5,F2,Box,2727.5
"Detroit, MI",,Coloring Agent18,S1,F2,Bag,11009.0
"Detroit, MI",,Coloring Agent18,S2,F2,Bag,7823.0
"Detroit, MI",,Coloring Agent18,S3,F2,Bag,3525.0
"Detroit, MI",,Coloring Agent18,S4,F2,Bag,14657.0
"Detroit, MI",,Coloring Agent18,S5,F2,Bag,6586.0
"Detroit, MI",,Coloring Agent18,S1,F3,Box,3557.5
"Detroit, MI",,Coloring Agent18,S2,F3,Box,1575.0
"Detroit, MI",,Coloring Agent18,S4,F3,Box,2045.0
"Detroit, MI",,Coloring Agent18,S5,F3,Box,2137.5
"Detroit, MI",,Coloring Agent18,S1,F3,Bag,8551.0
"Detroit, MI",,Coloring Agent18,S3,F3,Bag,13857.0
"Detroit, MI",,Coloring Agent18,S4,F3,Bag,3959.0
"Detroit, MI",,Coloring Agent18,S5,F3,Bag,1821.0
"Detroit, MI",,Coloring Agent18,S1,F4,Box,2125.0
"Detroit, MI",,Coloring Agent18,S2,F4,Box,2040.0
"Detroit, MI",,Coloring Agent18,S3,F4,Box,5442.5
"Detroit, MI",,Coloring Agent18,S1,F4,Bag,2574.0
"Detroit, MI",,Coloring Agent18,S2,F4,Bag,5195.0
"Detroit, MI",,Coloring Agent18,S3,F4,Bag,3021.0
"Detroit, MI",,Coloring Agent18,S4,F4,Bag,4697.0
"Detroit, MI",,Coloring Agent18,S5,F4,Bag,2558.0
"Detroit, MI",,Coloring Agent18,S2,F5,Box,1472.5
"Detroit, MI",,Coloring Agent18,S4,F5,Box,2375.0
"Detroit, MI",,Coloring Agent18,S5,F5,Box,2207.5
"Detroit, MI",,Coloring Agent18,S1,F5,Bag,1373.0
"Detroit, MI",,Coloring Agent18,S2,F5,Bag,4039.0
"Detroit, MI",,Coloring Agent18,S3,F5,Bag,1407.0
"Detroit, MI",,Coloring Agent18,S4,F5,Bag,9877.0
"Detroit, MI",,Coloring Agent18,S5,F5,Bag,4702.0
"Detroit, MI",,Coloring Agent18,S3,F6,Box,2055.0
"Detroit, MI",,Coloring Agent18,S4,F6,Box,1872.5
"Detroit, MI",,Coloring Agent18,S1,F6,Bag,8722.0
"Detroit, MI",,Coloring Agent18,S2,F6,Bag,5731.0
"Detroit, MI",,Coloring Agent18,S3,F6,Bag,2458.0
"Detroit, MI",,Coloring Agent18,S4,F6,Bag,2001.0
"Detroit, MI",,Coloring Agent18,S5,F6,Bag,4880.0
"Detroit, MI",,Coloring Agent18,S1,F7,Box,2682.5
"Detroit, MI",,Coloring Agent18,S3,F7,Box,2340.0
"Detroit, MI",,Coloring Agent18,S5,F7,Box,1380.0
"Detroit, MI",,Coloring Agent18,S1,F7,Bag,3482.0
"Detroit, MI",,Coloring Agent18,S2,F7,Bag,10275.0
"Detroit, MI",,Coloring Agent18,S3,F7,Bag,3076.0
"Detroit, MI",,Coloring Agent18,S4,F7,Bag,13553.0
"Detroit, MI",,Coloring Agent18,S5,F7,Bag,4977.0
"Detroit, MI",,Coloring Agent18,S1,F8,Box,1385.0
"Detroit, MI",,Coloring Agent18,S3,F8,Box,2875.0
"Detroit, MI",,Coloring Agent18,S4,F8,Box,5845.0
"Detroit, MI",,Coloring Agent18,S5,F8,Box,1075.0
"Detroit, MI",,Coloring Agent18,S1,F8,Bag,9814.0
"Detroit, MI",,Coloring Agent18,S2,F8,Bag,5002.0
"Detroit, MI",,Coloring Agent18,S3,F8,Bag,5215.0
"Detroit, MI",,Coloring Agent18,S4,F8,Bag,11573.0
"Detroit, MI",,Coloring Agent18,S5,F8,Bag,6029.0
"Detroit, MI",,Coloring Agent18,S1,F9,Box,1905.0
"Detroit, MI",,Coloring Agent18,S2,F9,Box,9002.5
"Detroit, MI",,Coloring Agent18,S3,F9,Box,3905.0
"Detroit, MI",,Coloring Agent18,S4,F9,Box,7607.5
"Detroit, MI",,Coloring Agent18,S5,F9,Box,6095.0
"Detroit, MI",,Coloring Agent18,S1,F9,Bag,4824.0
"Detroit, MI",,Coloring Agent18,S2,F9,Bag,5649.0
"Detroit, MI",,Coloring Agent18,S4,F9,Bag,2744.0
"Detroit, MI",,Coloring Agent18,S5,F9,Bag,10051.0
"Detroit, MI",,Coloring Agent19,S1,F1,Box,2332.5
"Detroit, MI",,Coloring Agent19,S2,F1,Box,3667.5
"Detroit, MI",,Coloring Agent19,S4,F1,Box,5242.5
"Detroit, MI",,Coloring Agent19,S5,F1,Box,2070.0
"Detroit, MI",,Coloring Agent19,S1,F1,Bag,8445.0
"Detroit, MI",,Coloring Agent19,S2,F1,Bag,4542.0
"Detroit, MI",,Coloring Agent19,S3,F1,Bag,5144.0
"Detroit, MI",,Coloring Agent19,S4,F1,Bag,2505.0
"Detroit, MI",,Coloring Agent19,S5,F1,Bag,3011.0
"Detroit, MI",,Coloring Agent19,S1,F10,Box,4175.0
"Detroit, MI",,Coloring Agent19,S2,F10,Box,3855.0
"Detroit, MI",,Coloring Agent19,S4,F10,Box,3430.0
"Detroit, MI",,Coloring Agent19,S1,F10,Bag,6059.0
"Detroit, MI",,Coloring Agent19,S2,F10,Bag,8009.0
"Detroit, MI",,Coloring Agent19,S3,F10,Bag,9716.0
"Detroit, MI",,Coloring Agent19,S4,F10,Bag,13539.0
"Detroit, MI",,Coloring Agent19,S5,F10,Bag,3109.0
"Detroit, MI",,Coloring Agent19,S1,F11,Box,6120.0
"Detroit, MI",,Coloring Agent19,S2,F11,Box,3985.0
"Detroit, MI",,Coloring Agent19,S3,F11,Box,4245.0
"Detroit, MI",,Coloring Agent19,S5,F11,Box,2547.5
"Detroit, MI",,Coloring Agent19,S1,F11,Bag,4730.0
"Detroit, MI",,Coloring Agent19,S2,F11,Bag,6712.0
"Detroit, MI",,Coloring Agent19,S3,F11,Bag,2942.0
"Detroit, MI",,Coloring Agent19,S4,F11,Bag,5327.0
"Detroit, MI",,Coloring Agent19,S5,F11,Bag,8929.0
"Detroit, MI",,Coloring Agent19,S2,F12,Box,3745.0
"Detroit, MI",,Coloring Agent19,S4,F12,Box,1215.0
"Detroit, MI",,Coloring Agent19,S5,F12,Box,5502.5
"Detroit, MI",,Coloring Agent19,S1,F12,Bag,5087.0
"Detroit, MI",,Coloring Agent19,S2,F12,Bag,4068.0
"Detroit, MI",,Coloring Agent19,S3,F12,Bag,3484.0
"Detroit, MI",,Coloring Agent19,S4,F12,Bag,2856.0
"Detroit, MI",,Coloring Agent19,S5,F12,Bag,7239.0
"Detroit, MI",,Coloring Agent19,S2,F2,Box,1930.0
"Detroit, MI",,Coloring Agent19,S3,F2,Box,5370.0
"Detroit, MI",,Coloring Agent19,S4,F2,Box,1960.0
"Detroit, MI",,Coloring Agent19,S1,F2,Bag,12872.0
"Detroit, MI",,Coloring Agent19,S2,F2,Bag,6930.0
"Detroit, MI",,Coloring Agent19,S3,F2,Bag,8572.0
"Detroit, MI",,Coloring Agent19,S4,F2,Bag,6400.0
"Detroit, MI",,Coloring Agent19,S5,F2,Bag,8205.0
"Detroit, MI",,Coloring Agent19,S2,F3,Box,1100.0
"Detroit, MI",,Coloring Agent19,S5,F3,Box,1242.5
"Detroit, MI",,Coloring Agent19,S1,F3,Bag,9874.0
"Detroit, MI",,Coloring Agent19,S2,F3,Bag,11476.0
"Detroit, MI",,Coloring Agent19,S3,F3,Bag,6076.0
"Detroit, MI",,Coloring Agent19,S4,F3,Bag,2498.0
"Detroit, MI",,Coloring Agent19,S5,F3,Bag,3538.0
"Detroit, MI",,Coloring Agent19,S1,F4,Box,2837.5
"Detroit, MI",,Coloring Agent19,S2,F4,Box,2807.5
"Detroit, MI",,Coloring Agent19,S3,F4,Box,2217.5
"Detroit, MI",,Coloring Agent19,S4,F4,Box,820.0
"Detroit, MI",,Coloring Agent19,S5,F4,Box,3275.0
"Detroit, MI",,Coloring Agent19,S1,F4,Bag,2924.0
"Detroit, MI",,Coloring Agent19,S2,F4,Bag,2728.0
"Detroit, MI",,Coloring Agent19,S3,F4,Bag,2225.0
"Detroit, MI",,Coloring Agent19,S4,F4,Bag,5375.0
"Detroit, MI",,Coloring Agent19,S5,F4,Bag,3199.0
"Detroit, MI",,Coloring Agent19,S2,F5,Box,2677.5
"Detroit, MI",,Coloring Agent19,S3,F5,Box,1620.0
"Detroit, MI",,Coloring Agent19,S4,F5,Box,2160.0
"Detroit, MI",,Coloring Agent19,S5,F5,Box,2430.0
"Detroit, MI",,Coloring Agent19,S1,F5,Bag,1420.0
"Detroit, MI",,Coloring Agent19,S2,F5,Bag,6879.0
"Detroit, MI",,Coloring Agent19,S3,F5,Bag,6379.0
"Detroit, MI",,Coloring Agent19,S4,F5,Bag,13093.0
"Detroit, MI",,Coloring Agent19,S5,F5,Bag,3512.0
"Detroit, MI",,Coloring Agent19,S1,F6,Box,7415.0
"Detroit, MI",,Coloring Agent19,S2,F6,Box,4012.5
"Detroit, MI",,Coloring Agent19,S3,F6,Box,3255.0
"Detroit, MI",,Coloring Agent19,S4,F6,Box,3300.0
"Detroit, MI",,Coloring Agent19,S5,F6,Box,5120.0
"Detroit, MI",,Coloring Agent19,S1,F6,Bag,8108.0
"Detroit, MI",,Coloring Agent19,S3,F6,Bag,5994.0
"Detroit, MI",,Coloring Agent19,S4,F6,Bag,6637.0
"Detroit, MI",,Coloring Agent19,S5,F6,Bag,6474.0
"Detroit, MI",,Coloring Agent19,S1,F7,Box,5465.0
"Detroit, MI",,Coloring Agent19,S2,F7,Box,5922.5
"Detroit, MI",,Coloring Agent19,S3,F7,Box,2297.5
"Detroit, MI",,Coloring Agent19,S4,F7,Box,6455.0
"Detroit, MI",,Coloring Agent19,S5,F7,Box,3162.5
"Detroit, MI",,Coloring Agent19,S1,F7,Bag,11211.0
"Detroit, MI",,Coloring Agent19,S3,F7,Bag,8540.0
"Detroit, MI",,Coloring Agent19,S4,F7,Bag,12168.0
"Detroit, MI",,Coloring Agent19,S5,F7,Bag,1191.0
"Detroit, MI",,Coloring Agent19,S1,F8,Box,4425.0
"Detroit, MI",,Coloring Agent19,S3,F8,Box,1272.5
"Detroit, MI",,Coloring Agent19,S1,F8,Bag,2880.0
"Detroit, MI",,Coloring Agent19,S2,F8,Bag,2244.0
"Detroit, MI",,Coloring Agent19,S3,F8,Bag,2517.0
"Detroit, MI",,Coloring Agent19,S4,F8,Bag,9365.0
"Detroit, MI",,Coloring Agent19,S5,F8,Bag,6571.0
"Detroit, MI",,Coloring Agent19,S2,F9,Box,1302.5
"Detroit, MI",,Coloring Agent19,S4,F9,Box,2800.0
"Detroit, MI",,Coloring Agent19,S1,F9,Bag,4207.0
"Detroit, MI",,Coloring Agent19,S2,F9,Bag,1087.0
"Detroit, MI",,Coloring Agent19,S3,F9,Bag,5626.0
"Detroit, MI",,Coloring Agent19,S4,F9,Bag,1402.0
"Detroit, MI",,Coloring Agent20,S1,F1,Box,3132.5
"Detroit, MI",,Coloring Agent20,S3,F1,Box,2277.5
"Detroit, MI",,Coloring Agent20,S4,F1,Box,11765.0
"Detroit, MI",,Coloring Agent20,S5,F1,Box,3035.0
"Detroit, MI",,Coloring Agent20,S1,F1,Bag,2604.0
"Detroit, MI",,Coloring Agent20,S2,F1,Bag,3896.0
"Detroit, MI",,Coloring Agent20,S3,F1,Bag,4391.0
"Detroit, MI",,Coloring Agent20,S4,F1,Bag,7795.0
"Detroit, MI",,Coloring Agent20,S5,F1,Bag,10233.0
"Detroit, MI",,Coloring Agent20,S1,F10,Box,6715.0
"Detroit, MI",,Coloring Agent20,S2,F10,Box,6902.5
"Detroit, MI",,Coloring Agent20,S3,F10,Box,5742.5
"Detroit, MI",,Coloring Agent20,S4,F10,Box,3387.5
"Detroit, MI",,Coloring Agent20,S5,F10,Box,6005.0
"Detroit, MI",,Coloring Agent20,S1,F10,Bag,1179.0
"Detroit, MI",,Coloring Agent20,S2,F10,Bag,7195.0
"Detroit, MI",,Coloring Agent20,S3,F10,Bag,5498.0
"Detroit, MI",,Coloring Agent20,S4,F10,Bag,8545.0
"Detroit, MI",,Coloring Agent20,S5,F10,Bag,10601.0
"Detroit, MI",,Coloring Agent20,S1,F11,Box,1320.0
"Detroit, MI",,Coloring Agent20,S2,F11,Box,997.5
"Detroit, MI",,Coloring Agent20,S3,F11,Box,4137.5
"Detroit, MI",,Coloring Agent20,S1,F11,Bag,2518.0
"Detroit, MI",,Coloring Agent20,S2,F11,Bag,2696.0
"Detroit, MI",,Coloring Agent20,S3,F11,Bag,8001.0
"Detroit, MI",,Coloring Agent20,S4,F11,Bag,9027.0
"Detroit, MI",,Coloring Agent20,S5,F11,Bag,908.0
"Detroit, MI",,Coloring Agent20,S1,F12,Box,1460.0
"Detroit, MI",,Coloring Agent20,S2,F12,Box,640.0
"Detroit, MI",,Coloring Agent20,S4,F12,Box,2440.0
"Detroit, MI",,Coloring Agent20,S1,F12,Bag,6765.0
"Detroit, MI",,Coloring Agent20,S2,F12,Bag,6514.0
"Detroit, MI",,Coloring Agent20,S3,F12,Bag,16125.0
"Detroit, MI",,Coloring Agent20,S4,F12,Bag,2215.0
"Detroit, MI",,Coloring Agent20,S5,F12,Bag,2415.0
"Detroit, MI",,Coloring Agent20,S1,F2,Box,3867.5
"Detroit, MI",,Coloring Agent20,S2,F2,Box,5577.5
"Detroit, MI",,Coloring Agent20,S3,F2,Box,820.0
"Detroit, MI",,Coloring Agent20,S4,F2,Box,9167.5
"Detroit, MI",,Coloring Agent20,S1,F2,Bag,10433.0
"Detroit, MI",,Coloring Agent20,S2,F2,Bag,5642.0
"Detroit, MI",,Coloring Agent20,S3,F2,Bag,3659.0
"Detroit, MI",,Coloring Agent20,S4,F2,Bag,10417.0
"Detroit, MI",,Coloring Agent20,S5,F2,Bag,4538.0
"Detroit, MI",,Coloring Agent20,S1,F3,Box,3070.0
"Detroit, MI",,Coloring Agent20,S2,F3,Box,4392.5
"Detroit, MI",,Coloring Agent20,S3,F3,Box,2560.0
"Detroit, MI",,Coloring Agent20,S5,F3,Box,7985.0
"Detroit, MI",,Coloring Agent20,S1,F3,Bag,2379.0
"Detroit, MI",,Coloring Agent20,S2,F3,Bag,4411.0
"Detroit, MI",,Coloring Agent20,S3,F3,Bag,3728.0
"Detroit, MI",,Coloring Agent20,S4,F3,Bag,10873.0
"Detroit, MI",,Coloring Agent20,S5,F3,Bag,1839.0
"Detroit, MI",,Coloring Agent20,S1,F4,Box,2950.0
"Detroit, MI",,Coloring Agent20,S4,F4,Box,3917.5
"Detroit, MI",,Coloring Agent20,S5,F4,Box,1242.5
"Detroit, MI",,Coloring Agent20,S1,F4,Bag,1178.0
"Detroit, MI",,Coloring Agent20,S2,F4,Bag,5120.0
"Detroit, MI",,Coloring Agent20,S3,F4,Bag,4817.0
"Detroit, MI",,Coloring Agent20,S4,F4,Bag,4202.0
"Detroit, MI",,Coloring Agent20,S5,F4,Bag,7031.0
"Detroit, MI",,Coloring Agent20,S1,F5,Box,6965.0
"Detroit, MI",,Coloring Agent20,S2,F5,Box,1660.0
"Detroit, MI",,Coloring Agent20,S3,F5,Box,1862.5
"Detroit, MI",,Coloring Agent20,S4,F5,Box,1420.0
"Detroit, MI",,Coloring Agent20,S5,F5,Box,1470.0
"Detroit, MI",,Coloring Agent20,S1,F5,Bag,9837.0
"Detroit, MI",,Coloring Agent20,S2,F5,Bag,9775.0
"Detroit, MI",,Coloring Agent20,S3,F5,Bag,5697.0
"Detroit, MI",,Coloring Agent20,S4,F5,Bag,5286.0
"Detroit, MI",,Coloring Agent20,S5,F5,Bag,9892.0
"Detroit, MI",,Coloring Agent20,S2,F6,Box,5962.5
"Detroit, MI",,Coloring Agent20,S3,F6,Box,4137.5
"Detroit, MI",,Coloring Agent20,S5,F6,Box,1925.0
"Detroit, MI",,Coloring Agent20,S1,F6,Bag,6696.0
"Detroit, MI",,Coloring Agent20,S2,F6,Bag,9447.0
"Detroit, MI",,Coloring Agent20,S3,F6,Bag,8241.0
"Detroit, MI",,Coloring Agent20,S4,F6,Bag,2850.0
"Detroit, MI",,Coloring Agent20,S1,F7,Box,5010.0
"Detroit, MI",,Coloring Agent20,S2,F7,Box,3090.0
"Detroit, MI",,Coloring Agent20,S3,F7,Box,2567.5
"Detroit, MI",,Coloring Agent20,S4,F7,Box,3992.5
"Detroit, MI",,Coloring Agent20,S1,F7,Bag,10325.0
"Detroit, MI",,Coloring Agent20,S2,F7,Bag,5013.0
"Detroit, MI",,Coloring Agent20,S3,F7,Bag,11801.0
"Detroit, MI",,Coloring Agent20,S4,F7,Bag,10621.0
"Detroit, MI",,Coloring Agent20,S5,F7,Bag,1165.0
"Detroit, MI",,Coloring Agent20,S1,F8,Box,1412.5
"Detroit, MI",,Coloring Agent20,S2,F8,Box,1492.5
"Detroit, MI",,Coloring Agent20,S3,F8,Box,3242.5
"Detroit, MI",,Coloring Agent20,S4,F8,Box,5485.0
"Detroit, MI",,Coloring Agent20,S5,F8,Box,2390.0
"Detroit, MI",,Coloring Agent20,S1,F8,Bag,11648.0
"Detroit, MI",,Coloring Agent20,S2,F8,Bag,3335.0
"Detroit, MI",,Coloring Agent20,S3,F8,Bag,8996.0
"Detroit, MI",,Coloring Agent20,S4,F8,Bag,8111.0
"Detroit, MI",,Coloring Agent20,S5,F8,Bag,988.0
"Detroit, MI",,Coloring Agent20,S2,F9,Box,1250.0
"Detroit, MI",,Coloring Agent20,S4,F9,Box,1510.0
"Detroit, MI",,Coloring Agent20,S5,F9,Box,1432.5
"Detroit, MI",,Coloring Agent20,S1,F9,Bag,7000.0
"Detroit, MI",,Coloring Agent20,S2,F9,Bag,6298.0
"Detroit, MI",,Coloring Agent20,S3,F9,Bag,7647.0
"Detroit, MI",,Coloring Agent20,S4,F9,Bag,11050.0
"Detroit, MI",,Coloring Agent20,S5,F9,Bag,4828.0
"Detroit, MI",,Coloring Agent21,S1,F1,Box,6875.0
"Detroit, MI",,Coloring Agent21,S2,F1,Box,977.5
"Detroit, MI",,Coloring Agent21,S3,F1,Box,1652.5
"Detroit, MI",,Coloring Agent21,S5,F1,Box,957.5
"Detroit, MI",,Coloring Agent21,S1,F1,Bag,7364.0
"Detroit, MI",,Coloring Agent21,S2,F1,Bag,6496.0
"Detroit, MI",,Coloring Agent21,S3,F1,Bag,4655.0
"Detroit, MI",,Coloring Agent21,S4,F1,Bag,6140.0
"Detroit, MI",,Coloring Agent21,S5,F1,Bag,1004.0
"Detroit, MI",,Coloring Agent21,S1,F10,Box,1265.0
"Detroit, MI",,Coloring Agent21,S2,F10,Box,3617.5
"Detroit, MI",,Coloring Agent21,S4,F10,Box,2262.5
"Detroit, MI",,Coloring Agent21,S1,F10,Bag,6938.0
"Detroit, MI",,Coloring Agent21,S2,F10,Bag,10978.0
"Detroit, MI",,Coloring Agent21,S3,F10,Bag,6087.0
"Detroit, MI",,Coloring Agent21,S4,F10,Bag,9227.0
"Detroit, MI",,Coloring Agent21,S5,F10,Bag,7761.0
"Detroit, MI",,Coloring Agent21,S1,F11,Box,1162.5
"Detroit, MI",,Coloring Agent21,S2,F11,Box,1500.0
"Detroit, MI",,Coloring Agent21,S3,F11,Box,1682.5
"Detroit, MI",,Coloring Agent21,S5,F11,Box,6750.0
"Detroit, MI",,Coloring Agent21,S1,F11,Bag,2292.0
"Detroit, MI",,Coloring Agent21,S2,F11,Bag,2018.0
"Detroit, MI",,Coloring Agent21,S3,F11,Bag,4041.0
"Detroit, MI",,Coloring Agent21,S5,F11,Bag,1768.0
"Detroit, MI",,Coloring Agent21,S1,F12,Box,3965.0
"Detroit, MI",,Coloring Agent21,S2,F12,Box,2080.0
"Detroit, MI",,Coloring Agent21,S3,F12,Box,2277.5
"Detroit, MI",,Coloring Agent21,S4,F12,Box,1135.0
"Detroit, MI",,Coloring Agent21,S5,F12,Box,4360.0
"Detroit, MI",,Coloring Agent21,S1,F12,Bag,4915.0
"Detroit, MI",,Coloring Agent21,S2,F12,Bag,2552.0
"Detroit, MI",,Coloring Agent21,S3,F12,Bag,2009.0
"Detroit, MI",,Coloring Agent21,S4,F12,Bag,12669.0
"Detroit, MI",,Coloring Agent21,S5,F12,Bag,5608.0
"Detroit, MI",,Coloring Agent21,S1,F2,Box,3557.5
"Detroit, MI",,Coloring Agent21,S2,F2,Box,1925.0
"Detroit, MI",,Coloring Agent21,S3,F2,Box,2615.0
"Detroit, MI",,Coloring Agent21,S4,F2,Box,4395.0
"Detroit, MI",,Coloring Agent21,S5,F2,Box,1190.0
"Detroit, MI",,Coloring Agent21,S1,F2,Bag,3877.0
"Detroit, MI",,Coloring Agent21,S2,F2,Bag,3184.0
"Detroit, MI",,Coloring Agent21,S3,F2,Bag,6382.0
"Detroit, MI",,Coloring Agent21,S4,F2,Bag,3527.0
"Detroit, MI",,Coloring Agent21,S5,F2,Bag,4708.0
"Detroit, MI",,Coloring Agent21,S1,F3,Box,3155.0
"Detroit, MI",,Coloring Agent21,S2,F3,Box,1785.0
"Detroit, MI",,Coloring Agent21,S3,F3,Box,600.0
"Detroit, MI",,Coloring Agent21,S5,F3,Box,3172.5
"Detroit, MI",,Coloring Agent21,S1,F3,Bag,8195.0
"Detroit, MI",,Coloring Agent21,S2,F3,Bag,2974.0
"Detroit, MI",,Coloring Agent21,S3,F3,Bag,1363.0
"Detroit, MI",,Coloring Agent21,S4,F3,Bag,5438.0
"Detroit, MI",,Coloring Agent21,S5,F3,Bag,2323.0
"Detroit, MI",,Coloring Agent21,S1,F4,Box,3752.5
"Detroit, MI",,Coloring Agent21,S2,F4,Box,2150.0
"Detroit, MI",,Coloring Agent21,S3,F4,Box,1117.5
"Detroit, MI",,Coloring Agent21,S1,F4,Bag,3037.0
"Detroit, MI",,Coloring Agent21,S2,F4,Bag,5053.0
"Detroit, MI",,Coloring Agent21,S3,F4,Bag,2496.0
"Detroit, MI",,Coloring Agent21,S4,F4,Bag,3159.0
"Detroit, MI",,Coloring Agent21,S5,F4,Bag,10157.0
"Detroit, MI",,Coloring Agent21,S2,F5,Box,955.0
"Detroit, MI",,Coloring Agent21,S4,F5,Box,5270.0
"Detroit, MI",,Coloring Agent21,S5,F5,Box,4722.5
"Detroit, MI",,Coloring Agent21,S1,F5,Bag,2405.0
"Detroit, MI",,Coloring Agent21,S2,F5,Bag,6079.0
"Detroit, MI",,Coloring Agent21,S3,F5,Bag,1514.0
"Detroit, MI",,Coloring Agent21,S4,F5,Bag,1968.0
"Detroit, MI",,Coloring Agent21,S5,F5,Bag,5179.0
"Detroit, MI",,Coloring Agent21,S3,F6,Box,4425.0
"Detroit, MI",,Coloring Agent21,S4,F6,Box,1640.0
"Detroit, MI",,Coloring Agent21,S1,F6,Bag,1717.0
"Detroit, MI",,Coloring Agent21,S2,F6,Bag,10822.0
"Detroit, MI",,Coloring Agent21,S3,F6,Bag,17749.0
"Detroit, MI",,Coloring Agent21,S4,F6,Bag,2854.0
"Detroit, MI",,Coloring Agent21,S5,F6,Bag,8609.0
"Detroit, MI",,Coloring Agent21,S1,F7,Box,2432.5
"Detroit, MI",,Coloring Agent21,S3,F7,Box,5805.0
"Detroit, MI",,Coloring Agent21,S4,F7,Box,985.0
"Detroit, MI",,Coloring Agent21,S5,F7,Box,2260.0
"Detroit, MI",,Coloring Agent21,S1,F7,Bag,9603.0
"Detroit, MI",,Coloring Agent21,S3,F7,Bag,6002.0
"Detroit, MI",,Coloring Agent21,S4,F7,Bag,8085.0
"Detroit, MI",,Coloring Agent21,S5,F7,Bag,9649.0
"Detroit, MI",,Coloring Agent21,S1,F8,Box,2647.5
"Detroit, MI",,Coloring Agent21,S2,F8,Box,7940.0
"Detroit, MI",,Coloring Agent21,S1,F8,Bag,6474.0
"Detroit, MI",,Coloring Agent21,S2,F8,Bag,3148.0
"Detroit, MI",,Coloring Agent21,S3,F8,Bag,1290.0
"Detroit, MI",,Coloring Agent21,S4,F8,Bag,5055.0
"Detroit, MI",,Coloring Agent21,S3,F9,Box,1495.0
"Detroit, MI",,Coloring Agent21,S5,F9,Box,4235.0
"Detroit, MI",,Coloring Agent21,S1,F9,Bag,6606.0
"Detroit, MI",,Coloring Agent21,S2,F9,Bag,7412.0
"Detroit, MI",,Coloring Agent21,S3,F9,Bag,14097.0
"Detroit, MI",,Coloring Agent21,S4,F9,Bag,4456.0
"Detroit, MI",,Coloring Agent21,S5,F9,Bag,5398.0
"Detroit, MI",,Coloring Agent25,S1,F1,Box,6467.5
"Detroit, MI",,Coloring Agent25,S3,F1,Box,4485.0
"Detroit, MI",,Coloring Agent25,S4,F1,Box,1715.0
"Detroit, MI",,Coloring Agent25,S5,F1,Box,1517.5
"Detroit, MI",,Coloring Agent25,S1,F1,Bag,4696.0
"Detroit, MI",,Coloring Agent25,S2,F1,Bag,4434.0
"Detroit, MI",,Coloring Agent25,S3,F1,Bag,3616.0
"Detroit, MI",,Coloring Agent25,S4,F1,Bag,10358.0
"Detroit, MI",,Coloring Agent25,S5,F1,Bag,12243.0
"Detroit, MI",,Coloring Agent25,S1,F10,Box,802.5
"Detroit, MI",,Coloring Agent25,S2,F10,Box,9400.0
"Detroit, MI",,Coloring Agent25,S4,F10,Box,3337.5
"Detroit, MI",,Coloring Agent25,S5,F10,Box,1955.0
"Detroit, MI",,Coloring Agent25,S1,F10,Bag,7459.0
"Detroit, MI",,Coloring Agent25,S2,F10,Bag,1398.0
"Detroit, MI",,Coloring Agent25,S3,F10,Bag,8144.0
"Detroit, MI",,Coloring Agent25,S4,F10,Bag,7778.0
"Detroit, MI",,Coloring Agent25,S5,F10,Bag,3620.0
"Detroit, MI",,Coloring Agent25,S1,F11,Box,2840.0
"Detroit, MI",,Coloring Agent25,S2,F11,Box,5825.0
"Detroit, MI",,Coloring Agent25,S3,F11,Box,7027.5
"Detroit, MI",,Coloring Agent25,S4,F11,Box,3372.5
"Detroit, MI",,Coloring Agent25,S5,F11,Box,3155.0
"Detroit, MI",,Coloring Agent25,S1,F11,Bag,4060.0
"Detroit, MI",,Coloring Agent25,S2,F11,Bag,6161.0
"Detroit, MI",,Coloring Agent25,S3,F11,Bag,6483.0
"Detroit, MI",,Coloring Agent25,S5,F11,Bag,11440.0
"Detroit, MI",,Coloring Agent25,S1,F12,Box,995.0
"Detroit, MI",,Coloring Agent25,S2,F12,Box,3237.5
"Detroit, MI",,Coloring Agent25,S4,F12,Box,1577.5
"Detroit, MI",,Coloring Agent25,S5,F12,Box,4125.0
"Detroit, MI",,Coloring Agent25,S1,F12,Bag,13194.0
"Detroit, MI",,Coloring Agent25,S2,F12,Bag,15854.0
"Detroit, MI",,Coloring Agent25,S3,F12,Bag,4099.0
"Detroit, MI",,Coloring Agent25,S4,F12,Bag,4541.0
"Detroit, MI",,Coloring Agent25,S5,F12,Bag,5155.0
"Detroit, MI",,Coloring Agent25,S2,F2,Box,2600.0
"Detroit, MI",,Coloring Agent25,S3,F2,Box,1147.5
"Detroit, MI",,Coloring Agent25,S4,F2,Box,1435.0
"Detroit, MI",,Coloring Agent25,S1,F2,Bag,2968.0
"Detroit, MI",,Coloring Agent25,S2,F2,Bag,5003.0
"Detroit, MI",,Coloring Agent25,S3,F2,Bag,8039.0
"Detroit, MI",,Coloring Agent25,S4,F2,Bag,4344.0
"Detroit, MI",,Coloring Agent25,S5,F2,Bag,8254.0
"Detroit, MI",,Coloring Agent25,S1,F3,Box,3627.5
"Detroit, MI",,Coloring Agent25,S2,F3,Box,5177.5
"Detroit, MI",,Coloring Agent25,S3,F3,Box,2762.5
"Detroit, MI",,Coloring Agent25,S4,F3,Box,3165.0
"Detroit, MI",,Coloring Agent25,S5,F3,Box,12182.5
"Detroit, MI",,Coloring Agent25,S1,F3,Bag,2700.0
"Detroit, MI",,Coloring Agent25,S2,F3,Bag,10676.0
"Detroit, MI",,Coloring Agent25,S4,F3,Bag,3656.0
"Detroit, MI",,Coloring Agent25,S5,F3,Bag,6955.0
"Detroit, MI",,Coloring Agent25,S1,F4,Box,1245.0
"Detroit, MI",,Coloring Agent25,S2,F4,Box,2540.0
"Detroit, MI",,Coloring Agent25,S3,F4,Box,4895.0
"Detroit, MI",,Coloring Agent25,S4,F4,Box,2270.0
"Detroit, MI",,Coloring Agent25,S1,F4,Bag,5858.0
"Detroit, MI",,Coloring Agent25,S2,F4,Bag,12381.0
"Detroit, MI",,Coloring Agent25,S3,F4,Bag,7758.0
"Detroit, MI",,Coloring Agent25,S4,F4,Bag,7404.0
"Detroit, MI",,Coloring Agent25,S5,F4,Bag,10305.0
"Detroit, MI",,Coloring Agent25,S2,F5,Box,4410.0
"Detroit, MI",,Coloring Agent25,S1,F5,Bag,10654.0
"Detroit, MI",,Coloring Agent25,S2,F5,Bag,6215.0
"Detroit, MI",,Coloring Agent25,S3,F5,Bag,8526.0
"Detroit, MI",,Coloring Agent25,S4,F5,Bag,10391.0
"Detroit, MI",,Coloring Agent25,S5,F5,Bag,7798.0
"Detroit, MI",,Coloring Agent25,S3,F6,Box,2107.5
"Detroit, MI",,Coloring Agent25,S1,F6,Bag,8904.0
"Detroit, MI",,Coloring Agent25,S2,F6,Bag,9516.0
"Detroit, MI",,Coloring Agent25,S3,F6,Bag,6613.0
"Detroit, MI",,Coloring Agent25,S4,F6,Bag,2382.0
"Detroit, MI",,Coloring Agent25,S5,F6,Bag,3276.0
"Detroit, MI",,Coloring Agent25,S1,F7,Box,2897.5
"Detroit, MI",,Coloring Agent25,S2,F7,Box,2895.0
"Detroit, MI",,Coloring Agent25,S3,F7,Box,4432.5
"Detroit, MI",,Coloring Agent25,S4,F7,Box,1605.0
"Detroit, MI",,Coloring Agent25,S5,F7,Box,4155.0
"Detroit, MI",,Coloring Agent25,S1,F7,Bag,1105.0
"Detroit, MI",,Coloring Agent25,S2,F7,Bag,1154.0
"Detroit, MI",,Coloring Agent25,S3,F7,Bag,9146.0
"Detroit, MI",,Coloring Agent25,S4,F7,Bag,3848.0
"Detroit, MI",,Coloring Agent25,S5,F7,Bag,12790.0
"Detroit, MI",,Coloring Agent25,S3,F8,Box,1572.5
"Detroit, MI",,Coloring Agent25,S4,F8,Box,3410.0
"Detroit, MI",,Coloring Agent25,S5,F8,Box,2980.0
"Detroit, MI",,Coloring Agent25,S1,F8,Bag,2359.0
"Detroit, MI",,Coloring Agent25,S2,F8,Bag,3597.0
"Detroit, MI",,Coloring Agent25,S3,F8,Bag,6050.0
"Detroit, MI",,Coloring Agent25,S5,F8,Bag,9134.0
"Detroit, MI",,Coloring Agent25,S1,F9,Box,3352.5
"Detroit, MI",,Coloring Agent25,S2,F9,Box,980.0
"Detroit, MI",,Coloring Agent25,S3,F9,Box,1577.5
"Detroit, MI",,Coloring Agent25,S5,F9,Box,2785.0
"Detroit, MI",,Coloring Agent25,S1,F9,Bag,6321.0
"Detroit, MI",,Coloring Agent25,S2,F9,Bag,1024.0
"Detroit, MI",,Coloring Agent25,S3,F9,Bag,7493.0
"Detroit, MI",,Coloring Agent25,S4,F9,Bag,1722.0
"Detroit, MI",,Coloring Agent25,S5,F9,Bag,3380.0
"Detroit, MI",,Coloring Agent28,S3,F1,Box,1880.0
"Detroit, MI",,Coloring Agent28,S4,F1,Box,3827.5
"Detroit, MI",,Coloring Agent28,S5,F1,Box,4952.5
"Detroit, MI",,Coloring Agent28,S2,F1,Bag,9184.0
"Detroit, MI",,Coloring Agent28,S3,F1,Bag,3093.0
"Detroit, MI",,Coloring Agent28,S4,F1,Bag,4594.0
"Detroit, MI",,Coloring Agent28,S5,F1,Bag,8059.0
"Detroit, MI",,Coloring Agent28,S1,F10,Box,2015.0
"Detroit, MI",,Coloring Agent28,S3,F10,Box,1680.0
"Detroit, MI",,Coloring Agent28,S5,F10,Box,6552.5
"Detroit, MI",,Coloring Agent28,S1,F10,Bag,5666.0
"Detroit, MI",,Coloring Agent28,S2,F10,Bag,16534.0
"Detroit, MI",,Coloring Agent28,S3,F10,Bag,6587.0
"Detroit, MI",,Coloring Agent28,S4,F10,Bag,5548.0
"Detroit, MI",,Coloring Agent28,S5,F10,Bag,6640.0
"Detroit, MI",,Coloring Agent28,S3,F11,Box,3087.5
"Detroit, MI",,Coloring Agent28,S4,F11,Box,2372.5
"Detroit, MI",,Coloring Agent28,S5,F11,Box,5127.5
"Detroit, MI",,Coloring Agent28,S1,F11,Bag,5390.0
"Detroit, MI",,Coloring Agent28,S2,F11,Bag,7237.0
"Detroit, MI",,Coloring Agent28,S3,F11,Bag,5164.0
"Detroit, MI",,Coloring Agent28,S4,F11,Bag,5946.0
"Detroit, MI",,Coloring Agent28,S5,F11,Bag,3299.0
"Detroit, MI",,Coloring Agent28,S2,F12,Box,2862.5
"Detroit, MI",,Coloring Agent28,S3,F12,Box,5402.5
"Detroit, MI",,Coloring Agent28,S4,F12,Box,1727.5
"Detroit, MI",,Coloring Agent28,S5,F12,Box,6237.5
"Detroit, MI",,Coloring Agent28,S1,F12,Bag,10421.0
"Detroit, MI",,Coloring Agent28,S2,F12,Bag,8815.0
"Detroit, MI",,Coloring Agent28,S3,F12,Bag,5980.0
"Detroit, MI",,Coloring Agent28,S4,F12,Bag,1607.0
"Detroit, MI",,Coloring Agent28,S5,F12,Bag,6726.0
"Detroit, MI",,Coloring Agent28,S3,F2,Box,1462.5
"Detroit, MI",,Coloring Agent28,S5,F2,Box,1115.0
"Detroit, MI",,Coloring Agent28,S1,F2,Bag,6892.0
"Detroit, MI",,Coloring Agent28,S2,F2,Bag,3497.0
"Detroit, MI",,Coloring Agent28,S3,F2,Bag,6013.0
"Detroit, MI",,Coloring Agent28,S4,F2,Bag,5839.0
"Detroit, MI",,Coloring Agent28,S5,F2,Bag,5443.0
"Detroit, MI",,Coloring Agent28,S3,F3,Box,4967.5
"Detroit, MI",,Coloring Agent28,S4,F3,Box,5822.5
"Detroit, MI",,Coloring Agent28,S5,F3,Box,4145.0
"Detroit, MI",,Coloring Agent28,S1,F3,Bag,4941.0
"Detroit, MI",,Coloring Agent28,S2,F3,Bag,2583.0
"Detroit, MI",,Coloring Agent28,S3,F3,Bag,8546.0
"Detroit, MI",,Coloring Agent28,S4,F3,Bag,6528.0
"Detroit, MI",,Coloring Agent28,S5,F3,Bag,4155.0
"Detroit, MI",,Coloring Agent28,S1,F4,Box,2555.0
"Detroit, MI",,Coloring Agent28,S3,F4,Box,1745.0
"Detroit, MI",,Coloring Agent28,S4,F4,Box,1607.5
"Detroit, MI",,Coloring Agent28,S5,F4,Box,2137.5
"Detroit, MI",,Coloring Agent28,S1,F4,Bag,5220.0
"Detroit, MI",,Coloring Agent28,S2,F4,Bag,2211.0
"Detroit, MI",,Coloring Agent28,S3,F4,Bag,7362.0
"Detroit, MI",,Coloring Agent28,S4,F4,Bag,7607.0
"Detroit, MI",,Coloring Agent28,S5,F4,Bag,3203.0
"Detroit, MI",,Coloring Agent28,S1,F5,Box,1127.5
"Detroit, MI",,Coloring Agent28,S3,F5,Box,2207.5
"Detroit, MI",,Coloring Agent28,S4,F5,Box,1687.5
"Detroit, MI",,Coloring Agent28,S1,F5,Bag,10809.0
"Detroit, MI",,Coloring Agent28,S2,F5,Bag,10563.0
"Detroit, MI",,Coloring Agent28,S3,F5,Bag,5520.0
"Detroit, MI",,Coloring Agent28,S4,F5,Bag,7716.0
"Detroit, MI",,Coloring Agent28,S5,F5,Bag,7253.0
"Detroit, MI",,Coloring Agent28,S1,F6,Box,2585.0
"Detroit, MI",,Coloring Agent28,S2,F6,Box,7560.0
"Detroit, MI",,Coloring Agent28,S3,F6,Box,1490.0
"Detroit, MI",,Coloring Agent28,S5,F6,Box,1157.5
"Detroit, MI",,Coloring Agent28,S1,F6,Bag,7063.0
"Detroit, MI",,Coloring Agent28,S2,F6,Bag,11944.0
"Detroit, MI",,Coloring Agent28,S3,F6,Bag,4190.0
"Detroit, MI",,Coloring Agent28,S4,F6,Bag,8935.0
"Detroit, MI",,Coloring Agent28,S5,F6,Bag,7504.0
"Detroit, MI",,Coloring Agent28,S1,F7,Box,4237.5
"Detroit, MI",,Coloring Agent28,S2,F7,Box,2865.0
"Detroit, MI",,Coloring Agent28,S3,F7,Box,4550.0
"Detroit, MI",,Coloring Agent28,S5,F7,Box,4022.5
"Detroit, MI",,Coloring Agent28,S1,F7,Bag,11734.0
"Detroit, MI",,Coloring Agent28,S2,F7,Bag,2706.0
"Detroit, MI",,Coloring Agent28,S3,F7,Bag,3581.0
"Detroit, MI",,Coloring Agent28,S4,F7,Bag,2402.0
"Detroit, MI",,Coloring Agent28,S5,F7,Bag,7178.0
"Detroit, MI",,Coloring Agent28,S1,F8,Box,7012.5
"Detroit, MI",,Coloring Agent28,S2,F8,Box,665.0
"Detroit, MI",,Coloring Agent28,S3,F8,Box,6065.0
"Detroit, MI",,Coloring Agent28,S4,F8,Box,4097.5
"Detroit, MI",,Coloring Agent28,S5,F8,Box,3410.0
"Detroit, MI",,Coloring Agent28,S1,F8,Bag,11811.0
"Detroit, MI",,Coloring Agent28,S2,F8,Bag,2704.0
"Detroit, MI",,Coloring Agent28,S3,F8,Bag,7713.0
"Detroit, MI",,Coloring Agent28,S4,F8,Bag,3364.0
"Detroit, MI",,Coloring Agent28,S5,F8,Bag,2308.0
"Detroit, MI",,Coloring Agent28,S1,F9,Box,4920.0
"Detroit, MI",,Coloring Agent28,S3,F9,Box,2205.0
"Detroit, MI",,Coloring Agent28,S4,F9,Box,7892.5
"Detroit, MI",,Coloring Agent28,S5,F9,Box,1187.5
"Detroit, MI",,Coloring Agent28,S1,F9,Bag,7094.0
"Detroit, MI",,Coloring Agent28,S2,F9,Bag,4594.0
"Detroit, MI",,Coloring Agent28,S3,F9,Bag,5726.0
"Detroit, MI",,Coloring Agent28,S4,F9,Bag,4351.0
"Detroit, MI",,Coloring Agent28,S5,F9,Bag,13743.0
"Detroit, MI",,Coloring Agent3,S2,F1,Box,6675.0
"Detroit, MI",,Coloring Agent3,S3,F1,Box,6562.5
"Detroit, MI",,Coloring Agent3,S4,F1,Box,4712.5
"Detroit, MI",,Coloring Agent3,S5,F1,Box,3952.5
"Detroit, MI",,Coloring Agent3,S1,F1,Bag,7292.0
"Detroit, MI",,Coloring Agent3,S2,F1,Bag,4471.0
"Detroit, MI",,Coloring Agent3,S4,F1,Bag,8770.0
"Detroit, MI",,Coloring Agent3,S5,F1,Bag,5274.0
"Detroit, MI",,Coloring Agent3,S2,F10,Box,7935.0
"Detroit, MI",,Coloring Agent3,S4,F10,Box,2372.5
"Detroit, MI",,Coloring Agent3,S2,F10,Bag,9179.0
"Detroit, MI",,Coloring Agent3,S3,F10,Bag,6847.0
"Detroit, MI",,Coloring Agent3,S4,F10,Bag,9067.0
"Detroit, MI",,Coloring Agent3,S1,F11,Box,2880.0
"Detroit, MI",,Coloring Agent3,S4,F11,Box,2545.0
"Detroit, MI",,Coloring Agent3,S2,F11,Bag,8022.0
"Detroit, MI",,Coloring Agent3,S3,F11,Bag,4310.0
"Detroit, MI",,Coloring Agent3,S4,F11,Bag,10778.0
"Detroit, MI",,Coloring Agent3,S5,F11,Bag,3363.0
"Detroit, MI",,Coloring Agent3,S3,F12,Box,2970.0
"Detroit, MI",,Coloring Agent3,S4,F12,Box,2192.5
"Detroit, MI",,Coloring Agent3,S5,F12,Box,5902.5
"Detroit, MI",,Coloring Agent3,S1,F12,Bag,6445.0
"Detroit, MI",,Coloring Agent3,S2,F12,Bag,5744.0
"Detroit, MI",,Coloring Agent3,S3,F12,Bag,6531.0
"Detroit, MI",,Coloring Agent3,S4,F12,Bag,2502.0
"Detroit, MI",,Coloring Agent3,S5,F12,Bag,10557.0
"Detroit, MI",,Coloring Agent3,S1,F2,Box,5837.5
"Detroit, MI",,Coloring Agent3,S3,F2,Box,3070.0
"Detroit, MI",,Coloring Agent3,S4,F2,Box,2712.5
"Detroit, MI",,Coloring Agent3,S5,F2,Box,2965.0
"Detroit, MI",,Coloring Agent3,S1,F2,Bag,4373.0
"Detroit, MI",,Coloring Agent3,S2,F2,Bag,7063.0
"Detroit, MI",,Coloring Agent3,S3,F2,Bag,12339.0
"Detroit, MI",,Coloring Agent3,S4,F2,Bag,9574.0
"Detroit, MI",,Coloring Agent3,S5,F2,Bag,3374.0
"Detroit, MI",,Coloring Agent3,S1,F3,Box,2805.0
"Detroit, MI",,Coloring Agent3,S2,F3,Box,3720.0
"Detroit, MI",,Coloring Agent3,S3,F3,Box,4050.0
"Detroit, MI",,Coloring Agent3,S4,F3,Box,2392.5
"Detroit, MI",,Coloring Agent3,S5,F3,Box,5445.0
"Detroit, MI",,Coloring Agent3,S1,F3,Bag,4386.0
"Detroit, MI",,Coloring Agent3,S2,F3,Bag,5462.0
"Detroit, MI",,Coloring Agent3,S3,F3,Bag,674.0
"Detroit, MI",,Coloring Agent3,S4,F3,Bag,10418.0
"Detroit, MI",,Coloring Agent3,S5,F3,Bag,3748.0
"Detroit, MI",,Coloring Agent3,S1,F4,Box,1045.0
"Detroit, MI",,Coloring Agent3,S2,F4,Box,1395.0
"Detroit, MI",,Coloring Agent3,S3,F4,Box,2045.0
"Detroit, MI",,Coloring Agent3,S5,F4,Box,1842.5
"Detroit, MI",,Coloring Agent3,S2,F4,Bag,3578.0
"Detroit, MI",,Coloring Agent3,S3,F4,Bag,3942.0
"Detroit, MI",,Coloring Agent3,S4,F4,Bag,5624.0
"Detroit, MI",,Coloring Agent3,S5,F4,Bag,7631.0
"Detroit, MI",,Coloring Agent3,S1,F5,Box,6392.5
"Detroit, MI",,Coloring Agent3,S2,F5,Box,1885.0
"Detroit, MI",,Coloring Agent3,S3,F5,Box,4120.0
"Detroit, MI",,Coloring Agent3,S4,F5,Box,2687.5
"Detroit, MI",,Coloring Agent3,S1,F5,Bag,914.0
"Detroit, MI",,Coloring Agent3,S2,F5,Bag,6097.0
"Detroit, MI",,Coloring Agent3,S3,F5,Bag,8480.0
"Detroit, MI",,Coloring Agent3,S4,F5,Bag,6876.0
"Detroit, MI",,Coloring Agent3,S5,F5,Bag,6966.0
"Detroit, MI",,Coloring Agent3,S1,F6,Box,2240.0
"Detroit, MI",,Coloring Agent3,S2,F6,Box,5785.0
"Detroit, MI",,Coloring Agent3,S1,F6,Bag,5336.0
"Detroit, MI",,Coloring Agent3,S2,F6,Bag,2594.0
"Detroit, MI",,Coloring Agent3,S3,F6,Bag,5534.0
"Detroit, MI",,Coloring Agent3,S4,F6,Bag,1567.0
"Detroit, MI",,Coloring Agent3,S5,F6,Bag,1059.0
"Detroit, MI",,Coloring Agent3,S2,F7,Box,11570.0
"Detroit, MI",,Coloring Agent3,S3,F7,Box,3715.0
"Detroit, MI",,Coloring Agent3,S4,F7,Box,3972.5
"Detroit, MI",,Coloring Agent3,S1,F7,Bag,2936.0
"Detroit, MI",,Coloring Agent3,S2,F7,Bag,6382.0
"Detroit, MI",,Coloring Agent3,S3,F7,Bag,9027.0
"Detroit, MI",,Coloring Agent3,S4,F7,Bag,5138.0
"Detroit, MI",,Coloring Agent3,S5,F7,Bag,1606.0
"Detroit, MI",,Coloring Agent3,S1,F8,Box,2137.5
"Detroit, MI",,Coloring Agent3,S2,F8,Box,1472.5
"Detroit, MI",,Coloring Agent3,S3,F8,Box,4445.0
"Detroit, MI",,Coloring Agent3,S5,F8,Box,1917.5
"Detroit, MI",,Coloring Agent3,S1,F8,Bag,11575.0
"Detroit, MI",,Coloring Agent3,S2,F8,Bag,2392.0
"Detroit, MI",,Coloring Agent3,S3,F8,Bag,1775.0
"Detroit, MI",,Coloring Agent3,S4,F8,Bag,4917.0
"Detroit, MI",,Coloring Agent3,S5,F8,Bag,2954.0
"Detroit, MI",,Coloring Agent3,S1,F9,Box,2060.0
"Detroit, MI",,Coloring Agent3,S4,F9,Box,3162.5
"Detroit, MI",,Coloring Agent3,S1,F9,Bag,2794.0
"Detroit, MI",,Coloring Agent3,S2,F9,Bag,12105.0
"Detroit, MI",,Coloring Agent3,S3,F9,Bag,4653.0
"Detroit, MI",,Coloring Agent3,S4,F9,Bag,15297.0
"Detroit, MI",,Coloring Agent3,S5,F9,Bag,6396.0
"Detroit, MI",,Coloring Agent36,S1,F1,Box,3392.5
"Detroit, MI",,Coloring Agent36,S2,F1,Box,4950.0
"Detroit, MI",,Coloring Agent36,S3,F1,Box,1255.0
"Detroit, MI",,Coloring Agent36,S4,F1,Box,1047.5
"Detroit, MI",,Coloring Agent36,S1,F1,Bag,6466.0
"Detroit, MI",,Coloring Agent36,S2,F1,Bag,10818.0
"Detroit, MI",,Coloring Agent36,S3,F1,Bag,7022.0
"Detroit, MI",,Coloring Agent36,S4,F1,Bag,5133.0
"Detroit, MI",,Coloring Agent36,S5,F1,Bag,7627.0
"Detroit, MI",,Coloring Agent36,S1,F10,Box,5227.5
"Detroit, MI",,Coloring Agent36,S2,F10,Box,2780.0
"Detroit, MI",,Coloring Agent36,S3,F10,Box,2852.5
"Detroit, MI",,Coloring Agent36,S4,F10,Box,3307.5
"Detroit, MI",,Coloring Agent36,S5,F10,Box,2667.5
"Detroit, MI",,Coloring Agent36,S1,F10,Bag,3105.0
"Detroit, MI",,Coloring Agent36,S2,F10,Bag,11387.0
"Detroit, MI",,Coloring Agent36,S3,F10,Bag,4199.0
"Detroit, MI",,Coloring Agent36,S4,F10,Bag,3614.0
"Detroit, MI",,Coloring Agent36,S5,F10,Bag,4431.0
"Detroit, MI",,Coloring Agent36,S2,F11,Box,2535.0
"Detroit, MI",,Coloring Agent36,S5,F11,Box,1697.5
"Detroit, MI",,Coloring Agent36,S1,F11,Bag,2656.0
"Detroit, MI",,Coloring Agent36,S2,F11,Bag,20323.0
"Detroit, MI",,Coloring Agent36,S3,F11,Bag,2818.0
"Detroit, MI",,Coloring Agent36,S4,F11,Bag,4958.0
"Detroit, MI",,Coloring Agent36,S5,F11,Bag,5138.0
"Detroit, MI",,Coloring Agent36,S1,F12,Box,7950.0
"Detroit, MI",,Coloring Agent36,S2,F12,Box,2357.5
"Detroit, MI",,Coloring Agent36,S4,F12,Box,4762.5
"Detroit, MI",,Coloring Agent36,S5,F12,Box,2962.5
"Detroit, MI",,Coloring Agent36,S1,F12,Bag,10015.0
"Detroit, MI",,Coloring Agent36,S2,F12,Bag,717.0
"Detroit, MI",,Coloring Agent36,S3,F12,Bag,4297.0
"Detroit, MI",,Coloring Agent36,S4,F12,Bag,7259.0
"Detroit, MI",,Coloring Agent36,S5,F12,Bag,5563.0
"Detroit, MI",,Coloring Agent36,S2,F2,Box,1322.5
"Detroit, MI",,Coloring Agent36,S3,F2,Box,1495.0
"Detroit, MI",,Coloring Agent36,S5,F2,Box,3095.0
"Detroit, MI",,Coloring Agent36,S1,F2,Bag,8968.0
"Detroit, MI",,Coloring Agent36,S2,F2,Bag,3514.0
"Detroit, MI",,Coloring Agent36,S3,F2,Bag,6626.0
"Detroit, MI",,Coloring Agent36,S4,F2,Bag,1017.0
"Detroit, MI",,Coloring Agent36,S5,F2,Bag,5314.0
"Detroit, MI",,Coloring Agent36,S1,F3,Box,1160.0
"Detroit, MI",,Coloring Agent36,S2,F3,Box,5945.0
"Detroit, MI",,Coloring Agent36,S3,F3,Box,6047.5
"Detroit, MI",,Coloring Agent36,S5,F3,Box,5147.5
"Detroit, MI",,Coloring Agent36,S1,F3,Bag,8018.0
"Detroit, MI",,Coloring Agent36,S2,F3,Bag,6815.0
"Detroit, MI",,Coloring Agent36,S3,F3,Bag,9571.0
"Detroit, MI",,Coloring Agent36,S4,F3,Bag,4032.0
"Detroit, MI",,Coloring Agent36,S5,F3,Bag,2111.0
"Detroit, MI",,Coloring Agent36,S2,F4,Box,2082.5
"Detroit, MI",,Coloring Agent36,S3,F4,Box,1105.0
"Detroit, MI",,Coloring Agent36,S4,F4,Box,5975.0
"Detroit, MI",,Coloring Agent36,S5,F4,Box,2585.0
"Detroit, MI",,Coloring Agent36,S1,F4,Bag,3043.0
"Detroit, MI",,Coloring Agent36,S2,F4,Bag,15827.0
"Detroit, MI",,Coloring Agent36,S3,F4,Bag,5293.0
"Detroit, MI",,Coloring Agent36,S4,F4,Bag,9072.0
"Detroit, MI",,Coloring Agent36,S5,F4,Bag,1231.0
"Detroit, MI",,Coloring Agent36,S1,F5,Box,6920.0
"Detroit, MI",,Coloring Agent36,S2,F5,Box,2157.5
"Detroit, MI",,Coloring Agent36,S3,F5,Box,8047.5
"Detroit, MI",,Coloring Agent36,S4,F5,Box,2555.0
"Detroit, MI",,Coloring Agent36,S1,F5,Bag,8474.0
"Detroit, MI",,Coloring Agent36,S2,F5,Bag,5063.0
"Detroit, MI",,Coloring Agent36,S3,F5,Bag,6768.0
"Detroit, MI",,Coloring Agent36,S4,F5,Bag,5045.0
"Detroit, MI",,Coloring Agent36,S5,F5,Bag,5469.0
"Detroit, MI",,Coloring Agent36,S2,F6,Box,1225.0
"Detroit, MI",,Coloring Agent36,S3,F6,Box,1240.0
"Detroit, MI",,Coloring Agent36,S4,F6,Box,6620.0
"Detroit, MI",,Coloring Agent36,S5,F6,Box,987.5
"Detroit, MI",,Coloring Agent36,S1,F6,Bag,921.0
"Detroit, MI",,Coloring Agent36,S2,F6,Bag,6486.0
"Detroit, MI",,Coloring Agent36,S3,F6,Bag,5737.0
"Detroit, MI",,Coloring Agent36,S4,F6,Bag,10463.0
"Detroit, MI",,Coloring Agent36,S5,F6,Bag,3611.0
"Detroit, MI",,Coloring Agent36,S2,F7,Box,2190.0
"Detroit, MI",,Coloring Agent36,S3,F7,Box,10717.5
"Detroit, MI",,Coloring Agent36,S4,F7,Box,3695.0
"Detroit, MI",,Coloring Agent36,S5,F7,Box,3702.5
"Detroit, MI",,Coloring Agent36,S1,F7,Bag,2864.0
"Detroit, MI",,Coloring Agent36,S2,F7,Bag,1452.0
"Detroit, MI",,Coloring Agent36,S3,F7,Bag,3778.0
"Detroit, MI",,Coloring Agent36,S4,F7,Bag,5332.0
"Detroit, MI",,Coloring Agent36,S5,F7,Bag,6633.0
"Detroit, MI",,Coloring Agent36,S1,F8,Box,1255.0
"Detroit, MI",,Coloring Agent36,S3,F8,Box,1887.5
"Detroit, MI",,Coloring Agent36,S4,F8,Box,6657.5
"Detroit, MI",,Coloring Agent36,S1,F8,Bag,18767.0
"Detroit, MI",,Coloring Agent36,S2,F8,Bag,4266.0
"Detroit, MI",,Coloring Agent36,S3,F8,Bag,7719.0
"Detroit, MI",,Coloring Agent36,S4,F8,Bag,4963.0
"Detroit, MI",,Coloring Agent36,S5,F8,Bag,2149.0
"Detroit, MI",,Coloring Agent36,S2,F9,Box,1457.5
"Detroit, MI",,Coloring Agent36,S3,F9,Box,5870.0
"Detroit, MI",,Coloring Agent36,S1,F9,Bag,3991.0
"Detroit, MI",,Coloring Agent36,S2,F9,Bag,9976.0
"Detroit, MI",,Coloring Agent36,S3,F9,Bag,9305.0
"Detroit, MI",,Coloring Agent36,S4,F9,Bag,9892.0
"Detroit, MI",,Coloring Agent36,S5,F9,Bag,2300.0
